{
    "client": "Thunder Client",
    "collectionName": "mock-todo",
    "dateExported": "2023-03-07T06:52:42.049Z",
    "version": "1.1",
    "folders": [],
    "requests": [
        {
            "_id": "83758dd9-a72d-45d0-b958-77584129bf5a",
            "colId": "4b11155e-9fcd-4a2a-bb90-e1734bf25a24",
            "containerId": "",
            "name": "delete-all-task",
            "url": "http://localhost:3000/mock-todo",
            "method": "DELETE",
            "sortNum": 7500,
            "created": "2023-03-07T06:50:38.377Z",
            "modified": "2023-03-07T06:50:38.377Z",
            "headers": [],
            "params": [],
            "tests": [
                {
                    "type": "res-code",
                    "custom": "",
                    "action": "equal",
                    "value": "204"
                }
            ]
        },
        {
            "_id": "121da61f-ea80-4ec3-9509-575592150cdb",
            "colId": "4b11155e-9fcd-4a2a-bb90-e1734bf25a24",
            "containerId": "",
            "name": "get-task-list",
            "url": "http://localhost:3000/mock-todo",
            "method": "GET",
            "sortNum": 15000,
            "created": "2023-03-07T06:50:38.378Z",
            "modified": "2023-03-07T06:50:38.378Z",
            "headers": [],
            "params": [],
            "tests": [
                {
                    "type": "json-query",
                    "custom": "json",
                    "action": "count",
                    "value": "0"
                }
            ]
        },
        {
            "_id": "7ecac5c9-7ec0-4195-9145-939303724678",
            "colId": "4b11155e-9fcd-4a2a-bb90-e1734bf25a24",
            "containerId": "",
            "name": "add-task 1",
            "url": "http://localhost:3000/mock-todo",
            "method": "POST",
            "sortNum": 20000,
            "created": "2023-03-07T06:50:38.379Z",
            "modified": "2023-03-07T06:50:38.379Z",
            "headers": [],
            "params": [],
            "body": {
                "type": "json",
                "raw": "{\n  \"description\": \"タスク１\",\n  \"completed\": false\n}",
                "form": []
            },
            "tests": [
                {
                    "type": "res-code",
                    "custom": "",
                    "action": "equal",
                    "value": "201"
                },
                {
                    "type": "set-env-var",
                    "custom": "header.location",
                    "action": "setto",
                    "value": "{{url_one}}"
                }
            ]
        },
        {
            "_id": "bddca057-19ae-4884-aad8-f231bcc37f6d",
            "colId": "4b11155e-9fcd-4a2a-bb90-e1734bf25a24",
            "containerId": "",
            "name": "get-task 1",
            "url": "http://localhost:3000{{url_one}}",
            "method": "GET",
            "sortNum": 21250,
            "created": "2023-03-07T06:50:38.380Z",
            "modified": "2023-03-07T06:50:38.380Z",
            "headers": [],
            "params": [],
            "tests": [
                {
                    "type": "json-query",
                    "custom": "json.description",
                    "action": "equal",
                    "value": "タスク１"
                },
                {
                    "type": "json-query",
                    "custom": "json.completed",
                    "action": "equal",
                    "value": "false"
                }
            ]
        },
        {
            "_id": "32566d00-e7ad-484e-bc32-bdb8e763faf2",
            "colId": "4b11155e-9fcd-4a2a-bb90-e1734bf25a24",
            "containerId": "",
            "name": "add-task 2",
            "url": "http://localhost:3000/mock-todo",
            "method": "POST",
            "sortNum": 25000,
            "created": "2023-03-07T06:50:38.381Z",
            "modified": "2023-03-07T06:50:38.381Z",
            "headers": [],
            "params": [],
            "body": {
                "type": "json",
                "raw": "{\n  \"description\": \"タスク２\",\n  \"completed\": false\n}",
                "form": []
            },
            "tests": [
                {
                    "type": "res-code",
                    "custom": "",
                    "action": "equal",
                    "value": "201"
                },
                {
                    "type": "set-env-var",
                    "custom": "header.location",
                    "action": "setto",
                    "value": "{{url_two}}"
                }
            ]
        },
        {
            "_id": "34d24184-cfeb-4001-8036-d711589e0cf1",
            "colId": "4b11155e-9fcd-4a2a-bb90-e1734bf25a24",
            "containerId": "",
            "name": "get-task 2",
            "url": "http://localhost:3000{{url_two}}",
            "method": "GET",
            "sortNum": 26250,
            "created": "2023-03-07T06:50:38.382Z",
            "modified": "2023-03-07T06:50:38.382Z",
            "headers": [],
            "params": [],
            "tests": [
                {
                    "type": "json-query",
                    "custom": "json.description",
                    "action": "equal",
                    "value": "タスク２"
                },
                {
                    "type": "json-query",
                    "custom": "json.completed",
                    "action": "equal",
                    "value": "false"
                }
            ]
        },
        {
            "_id": "a7dd2f6b-5026-4ce5-955a-c1c719f37141",
            "colId": "4b11155e-9fcd-4a2a-bb90-e1734bf25a24",
            "containerId": "",
            "name": "get-task-list",
            "url": "http://localhost:3000/mock-todo",
            "method": "GET",
            "sortNum": 27500,
            "created": "2023-03-07T06:50:38.383Z",
            "modified": "2023-03-07T06:50:38.383Z",
            "headers": [],
            "params": [],
            "tests": [
                {
                    "type": "json-query",
                    "custom": "json[0].description",
                    "action": "equal",
                    "value": "タスク１"
                },
                {
                    "type": "json-query",
                    "custom": "json[1].description",
                    "action": "equal",
                    "value": "タスク２"
                },
                {
                    "type": "set-env-var",
                    "custom": "json[0]._id",
                    "action": "setto",
                    "value": "{{id_one}}"
                },
                {
                    "type": "set-env-var",
                    "custom": "json[1]._id",
                    "action": "setto",
                    "value": "{{id_two}}"
                },
                {
                    "type": "json-query",
                    "custom": "json[0].completed",
                    "action": "equal",
                    "value": "false"
                },
                {
                    "type": "json-query",
                    "custom": "json[1].completed",
                    "action": "equal",
                    "value": "false"
                },
                {
                    "type": "json-query",
                    "custom": "json",
                    "action": "count",
                    "value": "2"
                }
            ]
        },
        {
            "_id": "38c84d13-1a25-4efd-a673-76733409277b",
            "colId": "4b11155e-9fcd-4a2a-bb90-e1734bf25a24",
            "containerId": "",
            "name": "put-task 1",
            "url": "http://localhost:3000/mock-todo/{{id_one}}",
            "method": "PUT",
            "sortNum": 30000,
            "created": "2023-03-07T06:50:38.384Z",
            "modified": "2023-03-07T06:50:38.384Z",
            "headers": [],
            "params": [],
            "body": {
                "type": "json",
                "raw": "{\n  \"description\": \"タスク１\",\n  \"completed\": true\n}",
                "form": []
            },
            "tests": [
                {
                    "type": "res-code",
                    "custom": "",
                    "action": "equal",
                    "value": "204"
                }
            ]
        },
        {
            "_id": "6c61dbe4-4c7f-4854-a1bd-75a15b86f9f8",
            "colId": "4b11155e-9fcd-4a2a-bb90-e1734bf25a24",
            "containerId": "",
            "name": "get-task 1",
            "url": "http://localhost:3000/mock-todo/{{id_one}}",
            "method": "GET",
            "sortNum": 40000,
            "created": "2023-03-07T06:50:38.385Z",
            "modified": "2023-03-07T06:50:38.385Z",
            "headers": [],
            "params": [],
            "tests": [
                {
                    "type": "json-query",
                    "custom": "json.completed",
                    "action": "equal",
                    "value": "true"
                },
                {
                    "type": "json-query",
                    "custom": "json.description",
                    "action": "equal",
                    "value": "タスク１"
                }
            ]
        },
        {
            "_id": "2523ede5-79e6-436d-a906-bacfba0425eb",
            "colId": "4b11155e-9fcd-4a2a-bb90-e1734bf25a24",
            "containerId": "",
            "name": "delete-task 1",
            "url": "http://localhost:3000/mock-todo/{{id_one}}",
            "method": "DELETE",
            "sortNum": 42500,
            "created": "2023-03-07T06:50:38.386Z",
            "modified": "2023-03-07T06:50:38.386Z",
            "headers": [],
            "params": [],
            "tests": [
                {
                    "type": "res-code",
                    "custom": "",
                    "action": "equal",
                    "value": "204"
                }
            ]
        },
        {
            "_id": "ff0317de-92d0-44c1-ad75-7477fca9f1bb",
            "colId": "4b11155e-9fcd-4a2a-bb90-e1734bf25a24",
            "containerId": "",
            "name": "get-task-list",
            "url": "http://localhost:3000/mock-todo",
            "method": "GET",
            "sortNum": 45000,
            "created": "2023-03-07T06:50:38.387Z",
            "modified": "2023-03-07T06:50:38.387Z",
            "headers": [],
            "params": [],
            "tests": [
                {
                    "type": "json-query",
                    "custom": "json[0]._id",
                    "action": "equal",
                    "value": "{{id_two}}"
                },
                {
                    "type": "json-query",
                    "custom": "json[0].description",
                    "action": "equal",
                    "value": "タスク２"
                },
                {
                    "type": "json-query",
                    "custom": "json[0].completed",
                    "action": "equal",
                    "value": "false"
                },
                {
                    "type": "json-query",
                    "custom": "json.",
                    "action": "count",
                    "value": "1"
                }
            ]
        },
        {
            "_id": "95c7a310-fcf6-4f05-bb45-99ec4e95d8b9",
            "colId": "4b11155e-9fcd-4a2a-bb90-e1734bf25a24",
            "containerId": "",
            "name": "patch-task 2",
            "url": "http://localhost:3000/mock-todo/{{id_two}}",
            "method": "PATCH",
            "sortNum": 60000,
            "created": "2023-03-07T06:50:38.388Z",
            "modified": "2023-03-07T06:50:38.388Z",
            "headers": [],
            "params": [],
            "body": {
                "type": "json",
                "raw": "{\n  \"description\": \"タスク PATCHED\"\n}",
                "form": []
            },
            "tests": [
                {
                    "type": "res-code",
                    "custom": "",
                    "action": "equal",
                    "value": "204"
                }
            ]
        },
        {
            "_id": "56fc5458-dcec-4549-a4a7-36861ee35c3c",
            "colId": "4b11155e-9fcd-4a2a-bb90-e1734bf25a24",
            "containerId": "",
            "name": "get-task 2",
            "url": "http://localhost:3000/mock-todo/{{id_two}}",
            "method": "GET",
            "sortNum": 70000,
            "created": "2023-03-07T06:50:38.389Z",
            "modified": "2023-03-07T06:50:38.389Z",
            "headers": [],
            "params": [],
            "tests": [
                {
                    "type": "json-query",
                    "custom": "json.description",
                    "action": "equal",
                    "value": "タスク PATCHED"
                },
                {
                    "type": "json-query",
                    "custom": "json.completed",
                    "action": "equal",
                    "value": "false"
                },
                {
                    "type": "json-query",
                    "custom": "json._id",
                    "action": "equal",
                    "value": "{{id_two}}"
                }
            ]
        },
        {
            "_id": "b172137e-4bee-484b-a107-7a69c3253031",
            "colId": "4b11155e-9fcd-4a2a-bb90-e1734bf25a24",
            "containerId": "",
            "name": "put-tasks",
            "url": "http://localhost:3000/mock-todo",
            "method": "PUT",
            "sortNum": 90000,
            "created": "2023-03-07T06:50:38.390Z",
            "modified": "2023-03-07T06:50:38.390Z",
            "headers": [],
            "params": [],
            "body": {
                "type": "json",
                "raw": "[\n  {\n    \"description\": \"タスク済\",\n    \"completed\": true\n  },\n  {\n    \"description\": \"タスク未\",\n    \"completed\": false\n  }\n]",
                "form": []
            },
            "tests": [
                {
                    "type": "res-code",
                    "custom": "",
                    "action": "equal",
                    "value": "201"
                },
                {
                    "type": "set-env-var",
                    "custom": "json[0]",
                    "action": "setto",
                    "value": "{{url_one}}"
                },
                {
                    "type": "set-env-var",
                    "custom": "json[1]",
                    "action": "setto",
                    "value": "{{url_two}}"
                }
            ]
        },
        {
            "_id": "51f50f70-c5e1-4b4a-bc49-f735e6cf3fe8",
            "colId": "4b11155e-9fcd-4a2a-bb90-e1734bf25a24",
            "containerId": "",
            "name": "get-task url-1",
            "url": "http://localhost:3000{{url_two}}",
            "method": "GET",
            "sortNum": 90000,
            "created": "2023-03-07T06:50:38.391Z",
            "modified": "2023-03-07T06:50:38.391Z",
            "headers": [],
            "params": [],
            "tests": [
                {
                    "type": "json-query",
                    "custom": "json.description",
                    "action": "equal",
                    "value": "タスク未"
                },
                {
                    "type": "json-query",
                    "custom": "json.completed",
                    "action": "equal",
                    "value": "false"
                }
            ]
        },
        {
            "_id": "0463cb94-c4fa-40fa-b866-60dd62f2ce54",
            "colId": "4b11155e-9fcd-4a2a-bb90-e1734bf25a24",
            "containerId": "",
            "name": "get-task url-2",
            "url": "http://localhost:3000{{url_one}}",
            "method": "GET",
            "sortNum": 100000,
            "created": "2023-03-07T06:50:38.392Z",
            "modified": "2023-03-07T06:50:38.392Z",
            "headers": [],
            "params": [],
            "tests": [
                {
                    "type": "json-query",
                    "custom": "json.description",
                    "action": "equal",
                    "value": "タスク済"
                },
                {
                    "type": "json-query",
                    "custom": "json.completed",
                    "action": "equal",
                    "value": "true"
                }
            ]
        }
    ],
    "settings": {}
}
