{
    "client": "Thunder Client",
    "collectionName": "todo",
    "dateExported": "2023-03-07T06:50:12.605Z",
    "version": "1.1",
    "folders": [],
    "requests": [
        {
            "_id": "b6c9ae83-202b-49fa-8e14-e70571d38d1c",
            "colId": "afa7519f-aec8-46df-bf7c-cd2750bb415d",
            "containerId": "",
            "name": "delete-all-task",
            "url": "http://localhost:3000/todo",
            "method": "DELETE",
            "sortNum": 7500,
            "created": "2023-03-07T05:20:50.934Z",
            "modified": "2023-03-07T05:21:08.693Z",
            "headers": [],
            "params": [],
            "tests": [
                {
                    "type": "res-code",
                    "custom": "",
                    "action": "equal",
                    "value": "204"
                }
            ]
        },
        {
            "_id": "ae606b11-6829-4e0d-a4e4-c100b02f1010",
            "colId": "afa7519f-aec8-46df-bf7c-cd2750bb415d",
            "containerId": "",
            "name": "get-task-list",
            "url": "http://localhost:3000/todo",
            "method": "GET",
            "sortNum": 15000,
            "created": "2023-03-07T04:38:50.948Z",
            "modified": "2023-03-07T06:47:21.450Z",
            "headers": [],
            "params": [],
            "tests": [
                {
                    "type": "json-query",
                    "custom": "json",
                    "action": "count",
                    "value": "0"
                }
            ]
        },
        {
            "_id": "a10da912-069c-4329-8cfb-11187661ebca",
            "colId": "afa7519f-aec8-46df-bf7c-cd2750bb415d",
            "containerId": "",
            "name": "add-task 1",
            "url": "http://localhost:3000/todo",
            "method": "POST",
            "sortNum": 20000,
            "created": "2023-03-07T04:38:50.949Z",
            "modified": "2023-03-07T06:31:49.885Z",
            "headers": [],
            "params": [],
            "body": {
                "type": "json",
                "raw": "{\n  \"description\": \"タスク１\",\n  \"completed\": false\n}",
                "form": []
            },
            "tests": [
                {
                    "type": "res-code",
                    "custom": "",
                    "action": "equal",
                    "value": "201"
                },
                {
                    "type": "set-env-var",
                    "custom": "header.location",
                    "action": "setto",
                    "value": "{{url_one}}"
                }
            ]
        },
        {
            "_id": "30c447bc-2a46-49a5-8e06-989d678680ca",
            "colId": "afa7519f-aec8-46df-bf7c-cd2750bb415d",
            "containerId": "",
            "name": "get-task 1",
            "url": "http://localhost:3000{{url_one}}",
            "method": "GET",
            "sortNum": 21250,
            "created": "2023-03-07T06:27:51.149Z",
            "modified": "2023-03-07T06:32:22.176Z",
            "headers": [],
            "params": [],
            "tests": [
                {
                    "type": "json-query",
                    "custom": "json.description",
                    "action": "equal",
                    "value": "タスク１"
                },
                {
                    "type": "json-query",
                    "custom": "json.completed",
                    "action": "equal",
                    "value": "false"
                }
            ]
        },
        {
            "_id": "19740be4-299e-43c9-ae1b-b8a9262b35d4",
            "colId": "afa7519f-aec8-46df-bf7c-cd2750bb415d",
            "containerId": "",
            "name": "add-task 2",
            "url": "http://localhost:3000/todo",
            "method": "POST",
            "sortNum": 25000,
            "created": "2023-03-07T04:38:50.951Z",
            "modified": "2023-03-07T06:34:21.726Z",
            "headers": [],
            "params": [],
            "body": {
                "type": "json",
                "raw": "{\n  \"description\": \"タスク２\",\n  \"completed\": false\n}",
                "form": []
            },
            "tests": [
                {
                    "type": "res-code",
                    "custom": "",
                    "action": "equal",
                    "value": "201"
                },
                {
                    "type": "set-env-var",
                    "custom": "header.location",
                    "action": "setto",
                    "value": "{{url_two}}"
                }
            ]
        },
        {
            "_id": "0d21df14-4bc1-427d-8c19-7f6dc7244151",
            "colId": "afa7519f-aec8-46df-bf7c-cd2750bb415d",
            "containerId": "",
            "name": "get-task 2",
            "url": "http://localhost:3000{{url_two}}",
            "method": "GET",
            "sortNum": 26250,
            "created": "2023-03-07T06:33:01.997Z",
            "modified": "2023-03-07T06:33:52.839Z",
            "headers": [],
            "params": [],
            "tests": [
                {
                    "type": "json-query",
                    "custom": "json.description",
                    "action": "equal",
                    "value": "タスク２"
                },
                {
                    "type": "json-query",
                    "custom": "json.completed",
                    "action": "equal",
                    "value": "false"
                }
            ]
        },
        {
            "_id": "1ea50308-e560-424c-8423-1727edee6fc7",
            "colId": "afa7519f-aec8-46df-bf7c-cd2750bb415d",
            "containerId": "",
            "name": "get-task-list",
            "url": "http://localhost:3000/todo",
            "method": "GET",
            "sortNum": 27500,
            "created": "2023-03-07T04:38:50.952Z",
            "modified": "2023-03-07T06:48:06.172Z",
            "headers": [],
            "params": [],
            "tests": [
                {
                    "type": "json-query",
                    "custom": "json[0].description",
                    "action": "equal",
                    "value": "タスク１"
                },
                {
                    "type": "json-query",
                    "custom": "json[1].description",
                    "action": "equal",
                    "value": "タスク２"
                },
                {
                    "type": "set-env-var",
                    "custom": "json[0]._id",
                    "action": "setto",
                    "value": "{{id_one}}"
                },
                {
                    "type": "set-env-var",
                    "custom": "json[1]._id",
                    "action": "setto",
                    "value": "{{id_two}}"
                },
                {
                    "type": "json-query",
                    "custom": "json[0].completed",
                    "action": "equal",
                    "value": "false"
                },
                {
                    "type": "json-query",
                    "custom": "json[1].completed",
                    "action": "equal",
                    "value": "false"
                },
                {
                    "type": "json-query",
                    "custom": "json",
                    "action": "count",
                    "value": "2"
                }
            ]
        },
        {
            "_id": "316bed2c-39d5-4b91-b916-573ccca2f0e5",
            "colId": "afa7519f-aec8-46df-bf7c-cd2750bb415d",
            "containerId": "",
            "name": "put-task 1",
            "url": "http://localhost:3000/todo/{{id_one}}",
            "method": "PUT",
            "sortNum": 30000,
            "created": "2023-03-07T04:38:50.953Z",
            "modified": "2023-03-07T06:40:19.195Z",
            "headers": [],
            "params": [],
            "body": {
                "type": "json",
                "raw": "{\n  \"description\": \"タスク１\",\n  \"completed\": true\n}",
                "form": []
            },
            "tests": [
                {
                    "type": "res-code",
                    "custom": "",
                    "action": "equal",
                    "value": "204"
                }
            ]
        },
        {
            "_id": "db087f42-89f3-4a85-96e3-5e10fd41bd05",
            "colId": "afa7519f-aec8-46df-bf7c-cd2750bb415d",
            "containerId": "",
            "name": "get-task 1",
            "url": "http://localhost:3000/todo/{{id_one}}",
            "method": "GET",
            "sortNum": 40000,
            "created": "2023-03-07T04:38:50.954Z",
            "modified": "2023-03-07T06:03:05.425Z",
            "headers": [],
            "params": [],
            "tests": [
                {
                    "type": "json-query",
                    "custom": "json.completed",
                    "action": "equal",
                    "value": "true"
                },
                {
                    "type": "json-query",
                    "custom": "json.description",
                    "action": "equal",
                    "value": "タスク１"
                }
            ]
        },
        {
            "_id": "d7c35521-7be6-48f7-8dad-0beeb416461b",
            "colId": "afa7519f-aec8-46df-bf7c-cd2750bb415d",
            "containerId": "",
            "name": "delete-task 1",
            "url": "http://localhost:3000/todo/{{id_one}}",
            "method": "DELETE",
            "sortNum": 42500,
            "created": "2023-03-07T04:38:50.955Z",
            "modified": "2023-03-07T05:54:18.977Z",
            "headers": [],
            "params": [],
            "tests": [
                {
                    "type": "res-code",
                    "custom": "",
                    "action": "equal",
                    "value": "204"
                }
            ]
        },
        {
            "_id": "ab5764fa-a05b-4224-a7ba-cfde1f4f44d5",
            "colId": "afa7519f-aec8-46df-bf7c-cd2750bb415d",
            "containerId": "",
            "name": "get-task-list",
            "url": "http://localhost:3000/todo",
            "method": "GET",
            "sortNum": 45000,
            "created": "2023-03-07T04:38:50.956Z",
            "modified": "2023-03-07T06:46:40.259Z",
            "headers": [],
            "params": [],
            "tests": [
                {
                    "type": "json-query",
                    "custom": "json[0]._id",
                    "action": "equal",
                    "value": "{{id_two}}"
                },
                {
                    "type": "json-query",
                    "custom": "json[0].description",
                    "action": "equal",
                    "value": "タスク２"
                },
                {
                    "type": "json-query",
                    "custom": "json[0].completed",
                    "action": "equal",
                    "value": "false"
                },
                {
                    "type": "json-query",
                    "custom": "json.",
                    "action": "count",
                    "value": "1"
                }
            ]
        },
        {
            "_id": "e8e3f9c6-8640-4fd8-a48c-a609aac10ecb",
            "colId": "afa7519f-aec8-46df-bf7c-cd2750bb415d",
            "containerId": "",
            "name": "patch-task 2",
            "url": "http://localhost:3000/todo/{{id_two}}",
            "method": "PATCH",
            "sortNum": 60000,
            "created": "2023-03-07T04:38:50.957Z",
            "modified": "2023-03-07T06:43:25.878Z",
            "headers": [],
            "params": [],
            "body": {
                "type": "json",
                "raw": "{\n  \"description\": \"タスク PATCHED\"\n}",
                "form": []
            },
            "tests": [
                {
                    "type": "res-code",
                    "custom": "",
                    "action": "equal",
                    "value": "204"
                }
            ]
        },
        {
            "_id": "b6496f13-d62f-49ff-a095-d0137f66403e",
            "colId": "afa7519f-aec8-46df-bf7c-cd2750bb415d",
            "containerId": "",
            "name": "get-task 2",
            "url": "http://localhost:3000/todo/{{id_two}}",
            "method": "GET",
            "sortNum": 70000,
            "created": "2023-03-07T04:38:50.958Z",
            "modified": "2023-03-07T06:43:44.503Z",
            "headers": [],
            "params": [],
            "tests": [
                {
                    "type": "json-query",
                    "custom": "json.description",
                    "action": "equal",
                    "value": "タスク PATCHED"
                },
                {
                    "type": "json-query",
                    "custom": "json.completed",
                    "action": "equal",
                    "value": "false"
                },
                {
                    "type": "json-query",
                    "custom": "json._id",
                    "action": "equal",
                    "value": "{{id_two}}"
                }
            ]
        },
        {
            "_id": "598af0e5-3f42-453a-bb0c-2621c2fee621",
            "colId": "afa7519f-aec8-46df-bf7c-cd2750bb415d",
            "containerId": "",
            "name": "put-tasks",
            "url": "http://localhost:3000/todo",
            "method": "PUT",
            "sortNum": 90000,
            "created": "2023-03-07T04:38:50.961Z",
            "modified": "2023-03-07T06:24:54.942Z",
            "headers": [],
            "params": [],
            "body": {
                "type": "json",
                "raw": "[\n  {\n    \"description\": \"タスク済\",\n    \"completed\": true\n  },\n  {\n    \"description\": \"タスク未\",\n    \"completed\": false\n  }\n]",
                "form": []
            },
            "tests": [
                {
                    "type": "res-code",
                    "custom": "",
                    "action": "equal",
                    "value": "201"
                },
                {
                    "type": "set-env-var",
                    "custom": "json[0]",
                    "action": "setto",
                    "value": "{{url_one}}"
                },
                {
                    "type": "set-env-var",
                    "custom": "json[1]",
                    "action": "setto",
                    "value": "{{url_two}}"
                }
            ]
        },
        {
            "_id": "25fc463b-65e9-42dd-8585-5c8c48c497c4",
            "colId": "afa7519f-aec8-46df-bf7c-cd2750bb415d",
            "containerId": "",
            "name": "get-task url-1",
            "url": "http://localhost:3000{{url_two}}",
            "method": "GET",
            "sortNum": 90000,
            "created": "2023-03-07T04:38:50.962Z",
            "modified": "2023-03-07T06:26:48.980Z",
            "headers": [],
            "params": [],
            "tests": [
                {
                    "type": "json-query",
                    "custom": "json.description",
                    "action": "equal",
                    "value": "タスク未"
                },
                {
                    "type": "json-query",
                    "custom": "json.completed",
                    "action": "equal",
                    "value": "false"
                }
            ]
        },
        {
            "_id": "ae9b3693-188d-4d63-a581-d1dbbd38223d",
            "colId": "afa7519f-aec8-46df-bf7c-cd2750bb415d",
            "containerId": "",
            "name": "get-task url-2",
            "url": "http://localhost:3000{{url_one}}",
            "method": "GET",
            "sortNum": 100000,
            "created": "2023-03-07T06:26:14.321Z",
            "modified": "2023-03-07T06:26:14.321Z",
            "headers": [],
            "params": [],
            "tests": [
                {
                    "type": "json-query",
                    "custom": "json.description",
                    "action": "equal",
                    "value": "タスク済"
                },
                {
                    "type": "json-query",
                    "custom": "json.completed",
                    "action": "equal",
                    "value": "true"
                }
            ]
        }
    ],
    "settings": {}
}
